{"SoundToggle":true,"MusicValue":-26.870311737060548,"SoundValue":2.4102277755737306}